/*
SQLyog Ultimate v12.09 (64 bit)
MySQL - 5.7.30-0ubuntu0.18.04.1 : Database - tutor_upms
*********************************************************************
*/

/*!40101 SET NAMES utf8 */;

/*!40101 SET SQL_MODE=''*/;

/*!40014 SET @OLD_UNIQUE_CHECKS=@@UNIQUE_CHECKS, UNIQUE_CHECKS=0 */;
/*!40101 SET @OLD_SQL_MODE=@@SQL_MODE, SQL_MODE='NO_AUTO_VALUE_ON_ZERO' */;
/*!40111 SET @OLD_SQL_NOTES=@@SQL_NOTES, SQL_NOTES=0 */;
/*Table structure for table `organisation` */

DROP TABLE IF EXISTS `organisation`;

CREATE TABLE `organisation` (
  `id` bigint(20) unsigned NOT NULL,
  `parent_id` bigint(20) unsigned DEFAULT NULL,
  `name` varchar(255) DEFAULT NULL,
  `description` varchar(255) DEFAULT NULL,
  `weight` bigint(20) DEFAULT NULL,
  `status` tinyint(4) DEFAULT NULL,
  `create_time` datetime DEFAULT NULL,
  `update_time` datetime DEFAULT NULL,
  PRIMARY KEY (`id`)
) ENGINE=MyISAM DEFAULT CHARSET=utf8;

/*Data for the table `organisation` */

/*Table structure for table `permission` */

DROP TABLE IF EXISTS `permission`;

CREATE TABLE `permission` (
  `id` bigint(20) NOT NULL,
  `parent_id` bigint(20) DEFAULT '0',
  `name` varchar(255) DEFAULT NULL,
  `value` varchar(255) DEFAULT NULL,
  `uri` varchar(255) DEFAULT NULL,
  `icon` varchar(255) DEFAULT NULL,
  `type` tinyint(4) DEFAULT NULL,
  `weight` bigint(20) DEFAULT '0',
  `status` tinyint(4) DEFAULT '1',
  `create_time` datetime DEFAULT NULL,
  `update_time` datetime DEFAULT NULL,
  PRIMARY KEY (`id`)
) ENGINE=MyISAM DEFAULT CHARSET=utf8;

/*Data for the table `permission` */

insert  into `permission`(`id`,`parent_id`,`name`,`value`,`uri`,`icon`,`type`,`weight`,`status`,`create_time`,`update_time`) values (1234059341727494144,0,'其他管理','test','/其他管理','icon',1,1,1,'2019-10-31 19:55:18','2020-02-20 23:06:56'),(1234062610927374337,1234059429799473152,'新增菜单','upms:permission:insert',NULL,NULL,2,NULL,1,'2020-03-01 18:27:08','2020-03-01 18:28:54'),(1233681267848556545,1229706466188558337,'教员提现审核','test','/pay/cashouts',NULL,1,NULL,1,'2020-02-29 17:11:49','2020-02-29 20:11:31'),(1234058815203909632,0,'用户角色管理','test','/用户角色管理','icon',1,1,0,'2019-10-31 19:55:18','2020-02-20 23:07:26'),(1234058928852791296,1234058815203909632,'后台用户','test','/upms/users','icon',1,1,1,'2019-10-31 19:55:18','2020-02-20 23:00:58'),(1234059023170056192,1234058815203909632,'角色管理','test','/upms/roles','icon',1,1,1,'2019-10-31 19:55:18','2020-02-20 23:01:20'),(1234059211607584768,0,'菜单路由管理','test','/菜单路由管理','icon',1,1,1,'2019-10-31 19:55:18','2020-02-20 23:07:52'),(1234059429799473152,1234059211607584768,'菜单管理','test','/upms/permissions','icon',1,1,1,'2019-10-31 19:55:18','2019-11-03 17:34:25'),(1234059468596752384,1234059211607584768,'路由管理','test','/upms/routes','icon',1,1,1,'2019-10-31 19:55:18','2019-11-03 17:34:30'),(1190277280537714689,1234058928852791296,'查询用户','upms:user:select','',NULL,2,1,1,'2019-11-01 22:39:52','2020-03-01 18:31:25'),(1190277568464101377,1234058928852791296,'新增用户','upms:user:insert','',NULL,2,1,1,'2019-11-01 22:41:01','2020-03-01 18:31:42'),(1190277675733426177,1234058928852791296,'删除用户','upms:user:delete','',NULL,2,1,1,'2019-11-01 22:41:26','2020-03-01 18:31:53'),(1190277734042640386,1234058928852791296,'更新用户','upms:user:update','',NULL,2,1,1,'2019-11-01 22:41:40','2020-03-01 18:32:01'),(1204705845995536386,0,'地区学科管理','test','/地区学科管理',NULL,1,1,1,'2019-12-11 18:13:50','2020-02-20 23:07:57'),(1229702983557283841,1204705845995536386,'地区管理','test','/business2/areas',NULL,1,NULL,1,'2020-02-18 17:43:32','2020-02-20 23:04:54'),(1204708688198533122,1204705845995536386,'学科管理','test','/business2/categories',NULL,1,1,1,'2019-12-11 18:25:08','2020-02-20 23:04:58'),(1205527657264676866,1234059341727494144,'字典类型管理','test','/business2/dictTypes',NULL,1,NULL,1,'2019-12-14 00:39:24','2020-02-20 23:05:46'),(1206830365871345666,1229706466188558337,'教师信息审核','test','/business2/teachers',NULL,1,NULL,1,'2019-12-17 14:55:55','2020-03-03 00:38:46'),(1229706466188558337,0,'认证审核管理','test','/认证审核管理',NULL,1,NULL,1,'2020-02-18 17:57:23','2020-02-20 23:08:02'),(1229706616046845953,1229706466188558337,'实名认证审核','test','/business2/realnameAuths',NULL,1,NULL,1,'2020-02-18 17:57:58','2020-02-20 23:02:27'),(1229706707172294657,1229706466188558337,'大学生认证审核','test','/business2/studentAuths',NULL,1,NULL,1,'2020-02-18 17:58:20','2020-02-20 23:02:36'),(1229706768383967234,1229706466188558337,'在职教师认证审核','test','/business2/teacherAuths',NULL,1,NULL,1,'2020-02-18 17:58:35','2020-02-20 23:02:40'),(1230103109979308034,0,'系统管理','test','/系统管理',NULL,1,NULL,1,'2020-02-19 20:13:30','2020-02-19 20:13:30'),(1230104126166892546,1230103109979308034,'广告管理','test','/system/advertisements',NULL,1,NULL,1,'2020-02-19 20:17:32','2020-02-20 23:02:56'),(1230104185994444801,1230103109979308034,'意见建议','test','/system/advices',NULL,1,NULL,1,'2020-02-19 20:17:46','2020-02-20 23:03:00'),(1230104419768172545,1230103109979308034,'友情链接','test','/system/friendLinks',NULL,1,NULL,1,'2020-02-19 20:18:42','2020-02-20 23:03:03'),(1230104477964140545,1230103109979308034,'附件管理','test','/system/attachments',NULL,1,NULL,1,'2020-02-19 20:18:56','2020-02-20 23:03:06'),(1230104560319299585,1230103109979308034,'导航管理','test','/system/navigations',NULL,1,NULL,1,'2020-02-19 20:19:16','2020-02-20 23:03:09'),(1230104715781177345,1230103109979308034,'通知管理','test','/system/notices',NULL,1,NULL,1,'2020-02-19 20:19:53','2020-02-20 23:03:12'),(1230176296125562881,1229706466188558337,'需求信息审核','test','/business2/needs',NULL,1,NULL,1,'2020-02-20 01:04:19','2020-02-20 23:02:43'),(1234062680942891009,1234059429799473152,'删除菜单','upms:permission:delete',NULL,NULL,2,NULL,1,'2020-03-01 18:27:25','2020-03-01 18:27:40'),(1234062808982409218,1234059429799473152,'修改菜单','upms:permission:update',NULL,NULL,2,NULL,1,'2020-03-01 18:27:56','2020-03-01 18:28:11'),(1234062938913558530,1234059429799473152,'查询菜单','upms:permission:select',NULL,NULL,2,NULL,1,'2020-03-01 18:28:27','2020-03-01 18:29:04'),(1234063176290193409,1234059468596752384,'新增路由','upms:route:insert',NULL,NULL,2,NULL,1,'2020-03-01 18:29:23','2020-03-01 18:29:49'),(1234063322201640962,1234059468596752384,'删除路由','upms:route:delete',NULL,NULL,2,NULL,1,'2020-03-01 18:29:58','2020-03-01 18:30:32'),(1234063358935355394,1234059468596752384,'修改路由','upms:route:update',NULL,NULL,2,NULL,1,'2020-03-01 18:30:07','2020-03-01 18:30:40'),(1234063394821820418,1234059468596752384,'查询路由','upms:route:select',NULL,NULL,2,NULL,1,'2020-03-01 18:30:15','2020-03-01 18:30:49'),(1234063890664050690,1234059023170056192,'新增角色','upms:role:insert',NULL,NULL,2,NULL,1,'2020-03-01 18:32:13','2020-03-01 18:32:59'),(1234063916677124098,1234059023170056192,'删除角色','upms:role:delete',NULL,NULL,2,NULL,1,'2020-03-01 18:32:20','2020-03-01 18:33:07'),(1234063951766671362,1234059023170056192,'修改角色','upms:role:update',NULL,NULL,2,NULL,1,'2020-03-01 18:32:28','2020-03-01 18:33:15'),(1234063984108949505,1234059023170056192,'查询角色','upms:role:select',NULL,NULL,2,NULL,1,'2020-03-01 18:32:36','2020-03-01 18:33:21'),(1234064406953512961,1206830365871345666,'查看教师','business:teacher:select',NULL,NULL,2,NULL,1,'2020-03-01 18:34:17','2020-03-01 18:34:17'),(1234064576063655938,1206830365871345666,'审核教师','business:teacher:update',NULL,NULL,2,NULL,1,'2020-03-01 18:34:57','2020-03-01 18:34:57'),(1234064790249984001,1229702983557283841,'新增地区','business:area:insert',NULL,NULL,2,NULL,1,'2020-03-01 18:35:48','2020-03-01 18:36:40'),(1234064817789784066,1229702983557283841,'删除地区','business:area:delete',NULL,NULL,2,NULL,1,'2020-03-01 18:35:55','2020-03-01 18:36:50'),(1234064844205510657,1229702983557283841,'修改地区','business:area:update',NULL,NULL,2,NULL,1,'2020-03-01 18:36:01','2020-03-01 18:37:00'),(1234064872420593666,1229702983557283841,'查询地区','business:area:select',NULL,NULL,2,NULL,1,'2020-03-01 18:36:08','2020-03-01 18:37:09'),(1234065253842210817,1204708688198533122,'新增学科','business:category:insert',NULL,NULL,2,NULL,1,'2020-03-01 18:37:38','2020-03-01 18:38:23'),(1234065281067438082,1204708688198533122,'删除学科','business:category:delete',NULL,NULL,2,NULL,1,'2020-03-01 18:37:45','2020-03-01 18:38:33'),(1234065305771888642,1204708688198533122,'修改学科','business:category:update',NULL,NULL,2,NULL,1,'2020-03-01 18:37:51','2020-03-01 18:38:39'),(1234065338193858561,1204708688198533122,'查询学科','business:category:select',NULL,NULL,2,NULL,1,'2020-03-01 18:37:59','2020-03-01 18:38:45'),(1234065890604666882,1230104126166892546,'新增广告','system:advertisement:insert',NULL,NULL,2,NULL,1,'2020-03-01 18:40:10','2020-03-01 18:58:23'),(1234065932535123969,1230104126166892546,'删除广告','system:advertisement:delete',NULL,NULL,2,NULL,1,'2020-03-01 18:40:20','2020-03-01 18:58:32'),(1234065967037468673,1230104126166892546,'修改广告','system:advertisement:update',NULL,NULL,2,NULL,1,'2020-03-01 18:40:29','2020-03-01 18:58:41'),(1234066019877310466,1230104126166892546,'查询广告','system:advertisement:select',NULL,NULL,2,NULL,1,'2020-03-01 18:40:41','2020-03-01 18:58:57'),(1234070720630935553,1230104185994444801,'查看建议','system:advice:select',NULL,NULL,2,NULL,1,'2020-03-01 18:59:22','2020-03-01 19:00:38'),(1234070874498977794,1230104185994444801,'标记已读','system:advice:update',NULL,NULL,2,NULL,1,'2020-03-01 18:59:59','2020-03-01 19:01:11'),(1234071296764727298,1230104419768172545,'新增链接','system:friendLink:insert',NULL,NULL,2,NULL,1,'2020-03-01 19:01:39','2020-03-01 19:02:42'),(1234071326829498369,1230104419768172545,'删除链接','system:friendLink:delete',NULL,NULL,2,NULL,1,'2020-03-01 19:01:46','2020-03-01 19:02:50'),(1234071360820137986,1230104419768172545,'修改链接','system:friendLink:update',NULL,NULL,2,NULL,1,'2020-03-01 19:01:55','2020-03-01 19:02:58'),(1234071425253036033,1230104419768172545,'查询链接','system:friendLink:select',NULL,NULL,2,NULL,1,'2020-03-01 19:02:10','2020-03-01 19:03:05'),(1234071797585596418,1230104477964140545,'上传附件','system:attachment:upload',NULL,NULL,2,NULL,1,'2020-03-01 19:03:39','2020-03-06 01:49:02'),(1234071830162755586,1230104477964140545,'删除附件','system:attachment:delete',NULL,NULL,2,NULL,1,'2020-03-01 19:03:46','2020-03-01 19:04:25'),(1234071854531661826,1230104477964140545,'修改附件','system:attachment:update',NULL,NULL,2,NULL,1,'2020-03-01 19:03:52','2020-03-01 19:04:34'),(1234071892213288962,1230104477964140545,'查看附件','system:attachment:select',NULL,NULL,2,NULL,1,'2020-03-01 19:04:01','2020-03-01 19:04:41'),(1234072113492185089,1230104560319299585,'新增导航','system:navigation:insert',NULL,NULL,2,NULL,1,'2020-03-01 19:04:54','2020-03-01 19:05:50'),(1234072165577052161,1230104560319299585,'删除导航','system:navigation:delete',NULL,NULL,2,NULL,1,'2020-03-01 19:05:06','2020-03-01 19:06:00'),(1234072190948397057,1230104560319299585,'修改导航','system:navigation:update',NULL,NULL,2,NULL,1,'2020-03-01 19:05:12','2020-03-01 19:06:09'),(1234072235236052994,1230104560319299585,'查看导航','system:navigation:select',NULL,NULL,2,NULL,1,'2020-03-01 19:05:23','2020-03-01 19:06:17'),(1234072558889521153,1230104715781177345,'新增通知','system:notice:insert',NULL,NULL,2,NULL,1,'2020-03-01 19:06:40','2020-03-01 19:07:23'),(1234072585716289537,1230104715781177345,'修改通知','system:notice:update',NULL,NULL,2,NULL,1,'2020-03-01 19:06:47','2020-03-01 19:07:30'),(1234072625595731970,1230104715781177345,'删除通知','system:notice:delete',NULL,NULL,2,NULL,1,'2020-03-01 19:06:56','2020-03-01 19:07:35'),(1234072666083348482,1230104715781177345,'查询通知','system:notice:select',NULL,NULL,2,NULL,1,'2020-03-01 19:07:06','2020-03-01 19:07:42'),(1234119211763814401,1233681267848556545,'查看提现审核','pay:cashout:select',NULL,NULL,2,NULL,1,'2020-03-01 22:12:03','2020-03-01 22:12:03'),(1234119579268730882,1229706616046845953,'查看实名认证','business:realnameAuth:select',NULL,NULL,2,NULL,1,'2020-03-01 22:13:31','2020-03-01 22:14:22'),(1234119444535103490,1233681267848556545,'审核教员提现','pay:cashout:update',NULL,NULL,2,NULL,1,'2020-03-01 22:12:59','2020-03-01 22:13:19'),(1234119617017466882,1229706616046845953,'审核实名认证','business:realnameAuth:update',NULL,NULL,2,NULL,1,'2020-03-01 22:13:40','2020-03-01 22:14:32'),(1234119885587140609,1229706707172294657,'查看大学生认证','business:studentAuth:select',NULL,NULL,2,NULL,1,'2020-03-01 22:14:44','2020-03-01 22:16:04'),(1234119927756673025,1229706707172294657,'审核大学生认证','business:studentAuth:update',NULL,NULL,2,NULL,1,'2020-03-01 22:14:54','2020-03-01 22:16:12'),(1234120145910812674,1229706768383967234,'查看教师认证','business:teacherAuth:select',NULL,NULL,2,NULL,1,'2020-03-01 22:15:46','2020-03-01 22:16:30'),(1234120183001042946,1229706768383967234,'审核教师认证','business:teacherAuth:update',NULL,NULL,2,NULL,1,'2020-03-01 22:15:55','2020-03-01 22:16:40'),(1234120452900311042,1230176296125562881,'查看需求审核','business:need:select',NULL,NULL,2,NULL,1,'2020-03-01 22:16:59','2020-03-01 22:17:51'),(1234120561755082753,1230176296125562881,'审核需求','business:need:update',NULL,NULL,2,NULL,1,'2020-03-01 22:17:25','2020-03-01 22:17:25'),(1234120970158657538,1205527657264676866,'新增字典类型','business:dictType:insert',NULL,NULL,2,NULL,1,'2020-03-01 22:19:02','2020-03-01 22:20:08'),(1234120998919000066,1205527657264676866,'修改字典类型','business:dictType:update',NULL,NULL,2,NULL,1,'2020-03-01 22:19:09','2020-03-01 22:20:17'),(1234121033983381505,1205527657264676866,'查看字典类型','business:dictType:select',NULL,NULL,2,NULL,1,'2020-03-01 22:19:18','2020-03-01 22:20:24'),(1234121063339315201,1205527657264676866,'新增字典','business:dict:insert',NULL,NULL,2,NULL,1,'2020-03-01 22:19:25','2020-03-01 22:20:33'),(1234121095589318657,1205527657264676866,'修改字典','business:dict:update',NULL,NULL,2,NULL,1,'2020-03-01 22:19:32','2020-03-01 22:20:43'),(1234121129609318402,1205527657264676866,'查看字典','business:dict:select',NULL,NULL,2,NULL,1,'2020-03-01 22:19:40','2020-03-01 22:20:50'),(1234509273781448705,1234058928852791296,'查看用户角色','upms:userRole:select',NULL,NULL,2,NULL,1,'2020-03-03 00:02:01','2020-03-03 00:03:05'),(1234509328919769090,1234058928852791296,'修改用户角色','upms:userRole:update',NULL,NULL,2,NULL,1,'2020-03-03 00:02:14','2020-03-03 00:03:10'),(1234509637213696001,1234059023170056192,'查看角色权限','upms:rolePermission:select',NULL,NULL,2,NULL,1,'2020-03-03 00:03:28','2020-03-03 00:04:00'),(1234509672374546433,1234059023170056192,'修改角色权限','upms:rolePermission:update',NULL,NULL,2,NULL,1,'2020-03-03 00:03:36','2020-03-03 00:03:52'),(1235623103458631681,1230104477964140545,'新添附件','system:attachment:insert',NULL,NULL,2,0,1,'2020-03-06 01:47:58','2020-03-06 01:48:14'),(1236578934312337409,1234059341727494144,'订单查看','test','/business2/appoints',NULL,1,0,1,'2020-03-08 17:06:07','2020-03-08 17:30:20'),(1236579152411951106,1236578934312337409,'订单查看','business:appoint:select',NULL,NULL,2,0,1,'2020-03-08 17:06:59','2020-03-08 17:06:59');

/*Table structure for table `role` */

DROP TABLE IF EXISTS `role`;

CREATE TABLE `role` (
  `id` bigint(20) NOT NULL,
  `parent_id` bigint(20) DEFAULT '0',
  `name` varchar(255) DEFAULT NULL,
  `title` varchar(255) DEFAULT NULL,
  `description` varchar(255) DEFAULT NULL,
  `weight` bigint(20) DEFAULT '0',
  `status` tinyint(4) DEFAULT '1',
  `create_time` datetime DEFAULT NULL,
  `update_time` datetime DEFAULT NULL,
  PRIMARY KEY (`id`)
) ENGINE=MyISAM DEFAULT CHARSET=utf8;

/*Data for the table `role` */

insert  into `role`(`id`,`parent_id`,`name`,`title`,`description`,`weight`,`status`,`create_time`,`update_time`) values (1234881880154390530,NULL,'SYSTEM','系统角色','负责系统的相关配置维护',NULL,1,'2020-03-04 00:42:37','2020-03-04 00:46:50'),(1234881666681094145,NULL,'TEST','测试角色','拥有全部权限的查看功能但不能进行其他操作',NULL,1,'2020-03-04 00:41:46','2020-03-04 00:56:33'),(1234880779753570305,NULL,'AUDIT','审核角色','负责审核信息',NULL,1,'2020-03-04 00:38:15','2020-03-04 00:46:56'),(1234060912141979650,NULL,'ADMIN','超级角色','负责用户角色权限的管理',NULL,1,'2020-03-01 18:20:23','2020-03-04 00:47:03');

/*Table structure for table `role_permission` */

DROP TABLE IF EXISTS `role_permission`;

CREATE TABLE `role_permission` (
  `id` bigint(20) NOT NULL,
  `role_id` bigint(20) DEFAULT NULL,
  `permission_id` bigint(20) DEFAULT NULL,
  PRIMARY KEY (`id`)
) ENGINE=MyISAM DEFAULT CHARSET=utf8;

/*Data for the table `role_permission` */

insert  into `role_permission`(`id`,`role_id`,`permission_id`) values (1242748376293511169,1234881880154390530,1234070720630935553),(1242748376301899779,1234881880154390530,1234071296764727298),(1242748376301899778,1234881880154390530,1230104419768172545),(1242748376293511170,1234881880154390530,1234070874498977794),(1242748472405987330,1234880779753570305,1234072235236052994),(1242748472397598722,1234880779753570305,1230104560319299585),(1242748472397598721,1234880779753570305,1234071892213288962),(1242748472389210114,1234880779753570305,1230104477964140545),(1242748472389210113,1234880779753570305,1234071425253036033),(1242748472380821505,1234880779753570305,1230104419768172545),(1242748472372432899,1234880779753570305,1234070720630935553),(1242748472372432898,1234880779753570305,1230104185994444801),(1242748472364044291,1234880779753570305,1234066019877310466),(1242748472364044290,1234880779753570305,1230104126166892546),(1242748472355655683,1234880779753570305,1230103109979308034),(1242748472355655682,1234880779753570305,1234120561755082753),(1242748472347267074,1234880779753570305,1234120452900311042),(1242748472347267073,1234880779753570305,1230176296125562881),(1242748472338878466,1234880779753570305,1234120183001042946),(1242748472330489859,1234880779753570305,1234120145910812674),(1242748472330489858,1234880779753570305,1229706768383967234),(1242748472322101250,1234880779753570305,1234119927756673025),(1242748472322101249,1234880779753570305,1234119885587140609),(1242748472313712642,1234880779753570305,1229706707172294657),(1242748472305324035,1234880779753570305,1234119617017466882),(1242748472305324034,1234880779753570305,1234119579268730882),(1242748472296935427,1234880779753570305,1229706616046845953),(1242748472296935426,1234880779753570305,1234064576063655938),(1242748472288546819,1234880779753570305,1234064406953512961),(1242748472288546818,1234880779753570305,1206830365871345666),(1242748472280158210,1234880779753570305,1234119444535103490),(1242748472271769603,1234880779753570305,1234119211763814401),(1242748472271769602,1234880779753570305,1233681267848556545),(1242748472263380994,1234880779753570305,1229706466188558337),(1242748472254992386,1234880779753570305,1234065338193858561),(1242748472254992385,1234880779753570305,1204708688198533122),(1242748472246603779,1234880779753570305,1234064872420593666),(1242748472246603778,1234880779753570305,1229702983557283841),(1238747280894029829,1234881666681094145,1234072666083348482),(1238747280894029828,1234881666681094145,1230104715781177345),(1277215574646788097,1234060912141979650,1234119617017466882),(1277215574638399489,1234060912141979650,1234119579268730882),(1277215574630010883,1234060912141979650,1229706616046845953),(1277215574630010882,1234060912141979650,1234064576063655938),(1277215574621622274,1234060912141979650,1234064406953512961),(1277215574613233668,1234060912141979650,1206830365871345666),(1277215574613233667,1234060912141979650,1234119444535103490),(1277215574613233666,1234060912141979650,1234119211763814401),(1277215574604845059,1234060912141979650,1233681267848556545),(1277215574604845058,1234060912141979650,1229706466188558337),(1277215574596456450,1234060912141979650,1234065338193858561),(1277215574596456449,1234060912141979650,1234065305771888642),(1277215574592262146,1234060912141979650,1234065281067438082),(1277215574583873538,1234060912141979650,1234065253842210817),(1277215574575484931,1234060912141979650,1204708688198533122),(1277215574575484930,1234060912141979650,1234064872420593666),(1277215574567096322,1234060912141979650,1234064844205510657),(1277215574567096321,1234060912141979650,1234064817789784066),(1277215574558707715,1234060912141979650,1234064790249984001),(1277215574558707714,1234060912141979650,1229702983557283841),(1277215574554513409,1234060912141979650,1204705845995536386),(1277215574546124801,1234060912141979650,1234063394821820418),(1277215574541930497,1234060912141979650,1234063358935355394),(1277215574537736193,1234060912141979650,1234063322201640962),(1277215574529347586,1234060912141979650,1234063176290193409),(1277215574529347585,1234060912141979650,1234059468596752384),(1277215574520958978,1234060912141979650,1234062938913558530),(1277215574520958977,1234060912141979650,1234062808982409218),(1277215574516764673,1234060912141979650,1234062680942891009),(1277215574508376066,1234060912141979650,1234062610927374337),(1277215574508376065,1234060912141979650,1234059429799473152),(1277215574504181762,1234060912141979650,1234059211607584768),(1277215574499987458,1234060912141979650,1234509672374546433),(1277215574495793154,1234060912141979650,1234509637213696001),(1277215574487404546,1234060912141979650,1234063984108949505),(1277215574479015940,1234060912141979650,1234063951766671362),(1277215574479015939,1234060912141979650,1234063916677124098),(1277215574479015938,1234060912141979650,1234063890664050690),(1277215574474821633,1234060912141979650,1234059023170056192),(1277215574466433026,1234060912141979650,1234509328919769090),(1277215574466433025,1234060912141979650,1234509273781448705),(1277215574458044418,1234060912141979650,1190277734042640386),(1277215574449655811,1234060912141979650,1190277675733426177),(1277215574449655810,1234060912141979650,1190277568464101377),(1277215574441267203,1234060912141979650,1190277280537714689),(1277215574441267202,1234060912141979650,1234058928852791296),(1277215574441267201,1234060912141979650,1234058815203909632),(1277215574432878593,1234060912141979650,1236579152411951106),(1277215574424489986,1234060912141979650,1236578934312337409),(1238747280894029827,1234881666681094145,1234072235236052994),(1238747280894029826,1234881666681094145,1230104560319299585),(1238747280852086794,1234881666681094145,1234071892213288962),(1238747280852086793,1234881666681094145,1230104477964140545),(1238747280852086792,1234881666681094145,1234071425253036033),(1238747280852086791,1234881666681094145,1230104419768172545),(1242748376285122563,1234881880154390530,1230104185994444801),(1242748376285122562,1234881880154390530,1234066019877310466),(1242748376276733953,1234881880154390530,1234065967037468673),(1242748376268345346,1234881880154390530,1234065932535123969),(1242748376268345345,1234881880154390530,1234065890604666882),(1242748376259956738,1234881880154390530,1230104126166892546),(1242748376259956737,1234881880154390530,1230103109979308034),(1242748376251568131,1234881880154390530,1234120452900311042),(1242748376251568130,1234881880154390530,1230176296125562881),(1242748376234790914,1234881880154390530,1234120145910812674),(1242748376234790913,1234881880154390530,1229706768383967234),(1242748376226402306,1234881880154390530,1234119885587140609),(1242748376226402305,1234881880154390530,1229706707172294657),(1242748376218013698,1234881880154390530,1234119579268730882),(1242748376218013697,1234881880154390530,1229706616046845953),(1242748376209625090,1234881880154390530,1234064406953512961),(1242748376209625089,1234881880154390530,1206830365871345666),(1242748376197042179,1234881880154390530,1234119211763814401),(1242748376197042178,1234881880154390530,1233681267848556545),(1242748376197042177,1234881880154390530,1229706466188558337),(1242748376188653569,1234881880154390530,1234065338193858561),(1242748376180264963,1234881880154390530,1234065305771888642),(1242748376180264962,1234881880154390530,1234065281067438082),(1242748376171876355,1234881880154390530,1234065253842210817),(1242748376171876354,1234881880154390530,1204708688198533122),(1242748376163487746,1234881880154390530,1234064872420593666),(1242748376155099138,1234881880154390530,1234064844205510657),(1242748376155099137,1234881880154390530,1234064817789784066),(1242748376146710531,1234881880154390530,1234064790249984001),(1242748376146710530,1234881880154390530,1229702983557283841),(1277215574424489985,1234060912141979650,1234121129609318402),(1242748376138321922,1234881880154390530,1204705845995536386),(1242748376138321921,1234881880154390530,1234063394821820418),(1242748376129933314,1234881880154390530,1234063358935355394),(1242748376121544707,1234881880154390530,1234063322201640962),(1242748376121544706,1234881880154390530,1234063176290193409),(1242748376113156097,1234881880154390530,1234059468596752384),(1242748376104767490,1234881880154390530,1234062938913558530),(1242748376104767489,1234881880154390530,1234062808982409218),(1242748376096378883,1234881880154390530,1234062680942891009),(1242748376096378882,1234881880154390530,1234062610927374337),(1242748376087990273,1234881880154390530,1234059429799473152),(1242748376079601666,1234881880154390530,1234059211607584768),(1242748376079601665,1234881880154390530,1234509637213696001),(1242748376071213058,1234881880154390530,1234063984108949505),(1242748376071213057,1234881880154390530,1234059023170056192),(1242748376062824450,1234881880154390530,1234509273781448705),(1242748376062824449,1234881880154390530,1190277280537714689),(1242748376054435841,1234881880154390530,1234058928852791296),(1242748376046047233,1234881880154390530,1234058815203909632),(1242748376037658627,1234881880154390530,1236579152411951106),(1242748376037658626,1234881880154390530,1236578934312337409),(1242748376029270018,1234881880154390530,1234121129609318402),(1242748376029270017,1234881880154390530,1234121095589318657),(1242748376020881411,1234881880154390530,1234121063339315201),(1242748376020881410,1234881880154390530,1234121033983381505),(1242748376012492801,1234881880154390530,1234120998919000066),(1242748376004104194,1234881880154390530,1234120970158657538),(1242748376004104193,1234881880154390530,1205527657264676866),(1242748472238215170,1234880779753570305,1204705845995536386),(1242748472229826562,1234880779753570305,1234063394821820418),(1242748472229826561,1234880779753570305,1234059468596752384),(1242748472221437955,1234880779753570305,1234062938913558530),(1242748472221437954,1234880779753570305,1234059429799473152),(1242748472213049346,1234880779753570305,1234059211607584768),(1242748472213049345,1234880779753570305,1234509637213696001),(1242748472204660737,1234880779753570305,1234063984108949505),(1242748472196272130,1234880779753570305,1234059023170056192),(1242748472187883523,1234880779753570305,1234509273781448705),(1242748472187883522,1234880779753570305,1190277280537714689),(1242748472179494914,1234880779753570305,1234058928852791296),(1242748472179494913,1234880779753570305,1234058815203909632),(1242748472171106307,1234880779753570305,1236579152411951106),(1242748472171106306,1234880779753570305,1236578934312337409),(1242748472162717699,1234880779753570305,1234121129609318402),(1242748472162717698,1234880779753570305,1234121033983381505),(1242748472154329090,1234880779753570305,1205527657264676866),(1242748472145940482,1234880779753570305,1234059341727494144),(1277215574416101377,1234060912141979650,1234121095589318657),(1277215574407712771,1234060912141979650,1234121063339315201),(1277215574407712770,1234060912141979650,1234121033983381505),(1277215574399324162,1234060912141979650,1234120998919000066),(1238747280852086790,1234881666681094145,1234066019877310466),(1238747280852086789,1234881666681094145,1230104126166892546),(1238747280852086788,1234881666681094145,1230103109979308034),(1238747280852086787,1234881666681094145,1234120452900311042),(1238747280852086786,1234881666681094145,1230176296125562881),(1238747280810143752,1234881666681094145,1234120145910812674),(1238747280810143751,1234881666681094145,1229706768383967234),(1238747280810143750,1234881666681094145,1234119885587140609),(1238747280810143749,1234881666681094145,1229706707172294657),(1238747280810143748,1234881666681094145,1234119579268730882),(1238747280810143747,1234881666681094145,1229706616046845953),(1238747280810143746,1234881666681094145,1234064406953512961),(1238747280755617803,1234881666681094145,1206830365871345666),(1238747280755617802,1234881666681094145,1234119211763814401),(1238747280755617801,1234881666681094145,1233681267848556545),(1238747280755617800,1234881666681094145,1229706466188558337),(1238747280755617799,1234881666681094145,1234065338193858561),(1238747280755617798,1234881666681094145,1204708688198533122),(1238747280755617797,1234881666681094145,1234064872420593666),(1238747280755617796,1234881666681094145,1229702983557283841),(1238747280755617795,1234881666681094145,1204705845995536386),(1238747280755617794,1234881666681094145,1234063394821820418),(1238747280755617793,1234881666681094145,1234059468596752384),(1238747280688508930,1234881666681094145,1234062938913558530),(1238747280688508929,1234881666681094145,1234059429799473152),(1238747280680120322,1234881666681094145,1234059211607584768),(1238747280680120321,1234881666681094145,1234509637213696001),(1238747280671731715,1234881666681094145,1234063984108949505),(1238747280671731714,1234881666681094145,1234059023170056192),(1238747280659148803,1234881666681094145,1234509273781448705),(1238747280659148802,1234881666681094145,1190277280537714689),(1238747280650760194,1234881666681094145,1234058928852791296),(1238747280646565890,1234881666681094145,1234058815203909632),(1238747280642371586,1234881666681094145,1236579152411951106),(1238747280633982978,1234881666681094145,1236578934312337409),(1238747280629788673,1234881666681094145,1234121129609318402),(1238747280617205762,1234881666681094145,1234121033983381505),(1238747280617205761,1234881666681094145,1205527657264676866),(1238747280608817154,1234881666681094145,1234059341727494144),(1242748375987326978,1234881880154390530,1234059341727494144),(1277215574399324161,1234060912141979650,1234120970158657538),(1277215574390935554,1234060912141979650,1205527657264676866),(1277215574348992514,1234060912141979650,1234059341727494144),(1242748376310288386,1234881880154390530,1234071326829498369),(1242748376310288387,1234881880154390530,1234071360820137986),(1242748376318676993,1234881880154390530,1234071425253036033),(1242748376327065601,1234881880154390530,1230104477964140545),(1242748376327065602,1234881880154390530,1234071797585596418),(1242748376335454210,1234881880154390530,1234071830162755586),(1242748376343842818,1234881880154390530,1234071854531661826),(1242748376343842819,1234881880154390530,1234071892213288962),(1242748376352231425,1234881880154390530,1235623103458631681),(1242748376360620034,1234881880154390530,1230104560319299585),(1242748376360620035,1234881880154390530,1234072113492185089),(1242748376369008641,1234881880154390530,1234072165577052161),(1242748376377397249,1234881880154390530,1234072190948397057),(1242748376377397250,1234881880154390530,1234072235236052994),(1242748376385785858,1234881880154390530,1230104715781177345),(1242748376394174465,1234881880154390530,1234072558889521153),(1242748376394174466,1234881880154390530,1234072585716289537),(1242748376406757377,1234881880154390530,1234072625595731970),(1242748376406757378,1234881880154390530,1234072666083348482),(1242748472414375937,1234880779753570305,1230104715781177345),(1242748472422764546,1234880779753570305,1234072666083348482),(1277215574646788098,1234060912141979650,1229706707172294657),(1277215574650982402,1234060912141979650,1234119885587140609),(1277215574659371010,1234060912141979650,1234119927756673025),(1277215574659371011,1234060912141979650,1229706768383967234),(1277215574667759618,1234060912141979650,1234120145910812674),(1277215574667759619,1234060912141979650,1234120183001042946),(1277215574676148225,1234060912141979650,1230176296125562881),(1277215574684536834,1234060912141979650,1234120452900311042),(1277215574684536835,1234060912141979650,1234120561755082753),(1277215574692925441,1234060912141979650,1230103109979308034),(1277215574692925442,1234060912141979650,1230104126166892546),(1277215574701314049,1234060912141979650,1234065890604666882),(1277215574701314050,1234060912141979650,1234065932535123969),(1277215574709702658,1234060912141979650,1234065967037468673),(1277215574709702659,1234060912141979650,1234066019877310466),(1277215574718091266,1234060912141979650,1230104185994444801),(1277215574726479873,1234060912141979650,1234070720630935553),(1277215574726479874,1234060912141979650,1234070874498977794),(1277215574734868481,1234060912141979650,1230104419768172545),(1277215574734868482,1234060912141979650,1234071296764727298),(1277215574743257089,1234060912141979650,1234071326829498369),(1277215574743257090,1234060912141979650,1234071360820137986),(1277215574751645698,1234060912141979650,1234071425253036033),(1277215574755840002,1234060912141979650,1230104477964140545),(1277215574755840003,1234060912141979650,1234071797585596418),(1277215574764228610,1234060912141979650,1234071830162755586),(1277215574764228611,1234060912141979650,1234071854531661826),(1277215574772617218,1234060912141979650,1234071892213288962),(1277215574772617219,1234060912141979650,1235623103458631681),(1277215574781005826,1234060912141979650,1230104560319299585),(1277215574785200129,1234060912141979650,1234072113492185089),(1277215574793588738,1234060912141979650,1234072165577052161),(1277215574793588739,1234060912141979650,1234072190948397057),(1277215574801977345,1234060912141979650,1234072235236052994),(1277215574806171649,1234060912141979650,1230104715781177345),(1277215574814560257,1234060912141979650,1234072558889521153),(1277215574818754562,1234060912141979650,1234072585716289537),(1277215574818754563,1234060912141979650,1234072625595731970),(1277215574827143170,1234060912141979650,1234072666083348482);

/*Table structure for table `route` */

DROP TABLE IF EXISTS `route`;

CREATE TABLE `route` (
  `id` bigint(20) unsigned NOT NULL,
  `parent_id` bigint(20) unsigned DEFAULT '0',
  `name` varchar(255) DEFAULT NULL,
  `title` varchar(255) DEFAULT NULL,
  `path` varchar(255) DEFAULT NULL,
  `component_path` varchar(255) DEFAULT NULL,
  `weight` bigint(20) DEFAULT '0',
  `status` tinyint(4) DEFAULT '1',
  `create_time` datetime DEFAULT NULL,
  `update_time` datetime DEFAULT NULL,
  PRIMARY KEY (`id`)
) ENGINE=MyISAM DEFAULT CHARSET=utf8;

/*Data for the table `route` */

insert  into `route`(`id`,`parent_id`,`name`,`title`,`path`,`component_path`,`weight`,`status`,`create_time`,`update_time`) values (1190902284174462977,0,'用户角色管理','用户角色管理','/用户角色管理','layout',NULL,1,'2019-11-03 16:03:24','2019-11-03 16:03:24'),(1190903101703032833,1190902284174462977,'后台用户','后台用户','/upms/users','views/upms/user',NULL,1,'2019-11-03 16:06:40','2019-12-17 14:57:38'),(1190903253104824322,1190902284174462977,'角色管理','角色管理','/upms/roles','views/upms/role',NULL,1,'2019-11-03 16:07:16','2019-11-03 16:10:08'),(1190903435733209090,0,'菜单路由管理','菜单路由管理','/菜单路由管理','layout',NULL,1,'2019-11-03 16:07:59','2019-11-03 16:07:59'),(1190903669926367234,1190903435733209090,'菜单管理','菜单管理','/upms/permissions','views/upms/permission',NULL,1,'2019-11-03 16:08:55','2019-11-03 16:10:15'),(1190903831461597185,1190903435733209090,'路由管理','路由管理','/upms/routes','views/upms/route',NULL,1,'2019-11-03 16:09:34','2019-11-03 16:10:18'),(1204706391867424770,0,'地区学科管理','地区学科管理','/地区学科管理','layout',NULL,1,'2019-12-11 18:16:00','2020-02-18 17:42:27'),(1204709199052177409,1204706391867424770,'学科管理','学科管理','/business2/categories','views/business/category',NULL,1,'2019-12-11 18:27:10','2020-02-18 16:49:30'),(1205527973703942145,0,'其他管理','其他管理','/其他管理','layout',NULL,1,'2019-12-14 00:40:41','2019-12-14 00:41:42'),(1205529019729805313,1205527973703942145,'字典类型管理','字典类型管理','/business2/dictTypes','views/business/dictType',NULL,1,'2019-12-14 00:44:50','2020-02-20 22:59:54'),(1206830736060616705,1229715817112502274,'教师信息审核','教师审核管理','/business2/teachers','views/business/teacher',NULL,1,'2019-12-17 14:57:23','2020-03-03 00:39:13'),(1229702853777129474,1204706391867424770,'地区管理','地区管理','/business2/areas','views/business/area',NULL,1,'2020-02-18 17:43:01','2020-02-20 23:06:25'),(1229715817112502274,0,'认证审核管理','认证审核管理','/认证审核管理','layout',NULL,1,'2020-02-18 18:34:32','2020-02-18 18:38:09'),(1229716186542604290,1229715817112502274,'实名认证审核','实名认证审核','/business2/realnameAuths','views/business/realnameAuth',NULL,1,'2020-02-18 18:36:00','2020-02-20 23:00:00'),(1229716310387818497,1229715817112502274,'大学生认证审核','大学生认证审核','/business2/studentAuths','views/business/studentAuth',NULL,1,'2020-02-18 18:36:30','2020-02-20 23:00:03'),(1229716406835838978,1229715817112502274,'在职教师认证审核','在职教师认证审核','/business2/teacherAuths','views/business/teacherAuth',NULL,1,'2020-02-18 18:36:53','2020-02-20 23:00:06'),(1229768720594468865,0,'需求评论管理','需求评论管理','/需求评论管理','layout',NULL,1,'2020-02-18 22:04:45','2020-02-18 22:06:09'),(1229769152251265026,1229768720594468865,'需求管理','需求管理','/business2/needs','views/business/need',NULL,1,'2020-02-18 22:06:28','2020-02-18 22:06:39'),(1230100808094941185,0,'系统管理','系统管理','/系统管理','layout',NULL,1,'2020-02-19 20:04:21','2020-02-19 20:04:48'),(1230101063741964290,1230100808094941185,'广告管理','广告管理','/system/advertisements','views/system/advertisement',NULL,1,'2020-02-19 20:05:22','2020-02-19 20:21:10'),(1230101348400988162,1230100808094941185,'意见管理','意见管理','/system/advices','views/system/advice',NULL,1,'2020-02-19 20:06:30','2020-02-19 20:20:07'),(1230101528185634818,1230100808094941185,'友情链接管理','友情链接管理','/system/friendLinks','views/system/friendLink',NULL,1,'2020-02-19 20:07:13','2020-02-19 20:20:09'),(1230101747841335298,1230100808094941185,'附件管理','附件管理','/system/attachments','views/system/attachment',NULL,1,'2020-02-19 20:08:05','2020-02-19 20:21:15'),(1230101897028534273,1230100808094941185,'导航管理','导航管理','/system/navigations','views/system/navigation',NULL,1,'2020-02-19 20:08:41','2020-02-19 20:21:18'),(1230102067610877954,1230100808094941185,'通知管理','通知管理','/system/notices','views/system/notice',NULL,1,'2020-02-19 20:09:21','2020-02-19 20:21:20'),(1233680951350571009,1229715817112502274,'提现信息审核','提现信息审核','/pay/cashouts','views/pay/cashout',NULL,1,'2020-02-29 17:10:33','2020-02-29 17:21:48'),(1236578697967501314,1205527973703942145,'预约订单管理','预约订单管理','/business2/appoints','views/business/appoint',0,1,'2020-03-08 17:05:10','2020-03-08 17:05:40');

/*Table structure for table `user` */

DROP TABLE IF EXISTS `user`;

CREATE TABLE `user` (
  `id` bigint(20) NOT NULL,
  `username` varchar(255) DEFAULT NULL,
  `nickname` varchar(255) DEFAULT NULL,
  `real_name` varchar(255) DEFAULT NULL,
  `password` varchar(255) DEFAULT NULL,
  `email` varchar(255) DEFAULT NULL,
  `phone` varchar(255) DEFAULT NULL,
  `status` tinyint(4) DEFAULT '1',
  `create_time` datetime DEFAULT NULL,
  `update_time` datetime DEFAULT NULL,
  `front` tinyint(4) DEFAULT '1' COMMENT '是否前台用户 1是 2否',
  PRIMARY KEY (`id`)
) ENGINE=MyISAM DEFAULT CHARSET=utf8;

/*Data for the table `user` */

insert  into `user`(`id`,`username`,`nickname`,`real_name`,`password`,`email`,`phone`,`status`,`create_time`,`update_time`,`front`) values (1190634066268594177,'admin','超级管理员','超级管理员','$2a$10$z4Gsq2njDnu99W9n7CmWmOdp4zf2g2ku9JeM/xbFncw0bg1xNMVx6','admin@qq.com','',1,'2019-11-02 22:17:36','2020-06-29 00:10:02',0),(1234150697682587649,'test','测试管理员','测试管理员','$2a$10$d.WzPQmePf4j9JT2c48.pecP0UVTODpxc5O5ZCzyC/JOVOSVSAv4.','test@qq.com','',1,'2020-03-02 00:17:09','2020-06-29 00:09:55',0),(1235151161379209218,'student',NULL,NULL,'$2a$10$x6yS93EIUjYh.RhPHAgl3uJu6swFf8k9RqKJUxFkXa11g4/19LIG2',NULL,NULL,1,NULL,NULL,1),(1235151262487101442,'teacher',NULL,NULL,'$2a$10$ge2WFSiIYeMV5HJvispKqOesKiNP6OyCLni3dDImDSC9zWEMPU4oq','100001@qq.com','13123456789',1,NULL,NULL,1),(1234881207115399170,'audit','审核管理员','审核管理员','$2a$10$lKk/bewasVB3vsJFQtMt8uooIDq7tx5Hc2YaXbMtFnEL504Oq0W6O','audit@qq.com',NULL,1,'2020-03-04 00:39:57','2020-06-29 00:09:41',0),(1234882468904648706,'system','系统管理员','系统管理员','$2a$10$0ShLV292fNvdNq3PJ9SvZuLW3JEqYnHdW7NS1PAHmPoP3pY3RQt26','system@qq.com',NULL,1,'2020-03-04 00:44:58','2020-06-29 00:09:48',0),(1235168867390275586,'teacher1',NULL,NULL,'$2a$10$RbzzD1gtsl4JFRgXQLVJIuVNd4.iPMpUM4xSqPxUMQT3C2SzjSC4G',NULL,NULL,1,NULL,NULL,1),(1235170781330882561,'teacher2',NULL,NULL,'$2a$10$F12KmfdFj6i25aVYg7e7bue/LcO.Wszdo4.l6BYevl9kBrkDFwsHO',NULL,NULL,1,NULL,NULL,1),(1235171994571063297,'teacher3',NULL,NULL,'$2a$10$gDtl0O.Gc.M0EWP34iQyxeTbDzmOZs.tfBe6WW.3083uLY7k2rFxC',NULL,NULL,1,NULL,NULL,1),(1235173384190115842,'teacher4',NULL,NULL,'$2a$10$dyF0WijBKEu0ApKUmwhS8O4Pp4xwKXScKjtzVDqLECzpGwdciGLFm',NULL,NULL,1,NULL,NULL,1),(1235175539026378754,'teacher5',NULL,NULL,'$2a$10$xQ3zBlub4x5nPjwBo3GSnOBgNkesA94J0QLvu2O7oEzCP3b6FU0Ma',NULL,NULL,1,NULL,NULL,1),(1235182989540540418,'teacher6',NULL,NULL,'$2a$10$zoSDxQv/v5nH/MbdW8tQXuCvgWg7Sk0KsEgyXdhd.jORKp0SFQIMq',NULL,NULL,1,NULL,NULL,1),(1235184177765892097,'teacher7',NULL,NULL,'$2a$10$He0h92AsQoWL8jexKpjEZOmXpfAouKB9xuGEj/bg6rLEC5E/GgGzW',NULL,NULL,1,NULL,NULL,1),(1235189765593841666,'teacher8',NULL,NULL,'$2a$10$d9QhyrXa17f43hKAeKlVyeW.ux66OB6idg4TPJXL1ItJQFr8k5e3O',NULL,NULL,1,NULL,NULL,1),(1235195015268614146,'teacher9',NULL,NULL,'$2a$10$O8N.q3Y9Lr/HURM7NgeH3..u1N6zr5d/zFB9i9q8LwDcS3OaK2xiG',NULL,NULL,1,NULL,NULL,1),(1235498246091763714,'teacher10',NULL,NULL,'$2a$10$7VQ7lN6j2fN3lEY8clpjWOEngjDGNYZ/DgEt/.ohauUw7N/eTiMqa',NULL,NULL,1,NULL,NULL,1),(1235500813874032641,'teacher11',NULL,NULL,'$2a$10$H0jfr2kRPa6I3Kw/kmcAZuTO.MfCBQzXx2aNhPX8xV/bd3QwYHs.i',NULL,NULL,1,NULL,NULL,1),(1235503606441635841,'teacher12',NULL,NULL,'$2a$10$z32AcD7zOiMcRf11V38uSeowiIZ/vgHWMUcbnp5TFZXbeSvJ.rMFm',NULL,NULL,1,NULL,NULL,1),(1235509306546909185,'teacher13',NULL,NULL,'$2a$10$d/ILM.x5FBq3biFckTZe1uUItMqyNw5hgBqMhHfLJieF.tbHUu/sG',NULL,NULL,1,NULL,NULL,1);

/*Table structure for table `user_organisation` */

DROP TABLE IF EXISTS `user_organisation`;

CREATE TABLE `user_organisation` (
  `id` bigint(20) NOT NULL,
  `user_id` bigint(20) DEFAULT NULL,
  `organisation_id` bigint(20) DEFAULT NULL,
  PRIMARY KEY (`id`)
) ENGINE=MyISAM DEFAULT CHARSET=utf8;

/*Data for the table `user_organisation` */

/*Table structure for table `user_permission` */

DROP TABLE IF EXISTS `user_permission`;

CREATE TABLE `user_permission` (
  `id` bigint(20) NOT NULL,
  `user_id` bigint(20) DEFAULT NULL,
  `permission_id` bigint(20) DEFAULT NULL,
  PRIMARY KEY (`id`)
) ENGINE=MyISAM DEFAULT CHARSET=utf8;

/*Data for the table `user_permission` */

/*Table structure for table `user_role` */

DROP TABLE IF EXISTS `user_role`;

CREATE TABLE `user_role` (
  `id` bigint(20) NOT NULL,
  `user_id` bigint(20) DEFAULT NULL,
  `role_id` bigint(20) DEFAULT NULL,
  PRIMARY KEY (`id`)
) ENGINE=MyISAM DEFAULT CHARSET=utf8;

/*Data for the table `user_role` */

insert  into `user_role`(`id`,`user_id`,`role_id`) values (1277272997312167937,1234882468904648706,1234881880154390530),(1277273029721554945,1234150697682587649,1234881666681094145),(1277272967964622850,1234881207115399170,1234880779753570305),(1277273059584999425,1190634066268594177,1234060912141979650);

/*!40101 SET SQL_MODE=@OLD_SQL_MODE */;
/*!40014 SET UNIQUE_CHECKS=@OLD_UNIQUE_CHECKS */;
/*!40111 SET SQL_NOTES=@OLD_SQL_NOTES */;
